TIC,Orbital period (days),Literature period (days),i Magnitude,Eclipsing,Doppler beaming,Flares,Irradiation,Ellipsoidal
TIC 257487678,0.3993985799314641,0.0,17.5019,,,,,
TIC 58733472,0.34469875106800246,0.0,15.6335,,,,,
TIC 244135349,4.880934481028659,0.0,16.7809,,,,,
TIC 423356286,0.003012276412632552,0.0,17.0297,,,,,
TIC 37774360,0.4800604474700975,0.0,17.0707,,,,,
TIC 293372732,0.6034208021186219,0.0,16.7463,,,,,
